id,Predicted
2be023f9102,2
a320ba7de7b,0
2879e8fa078,2
a561b6ee65b,2
94c225dd8e9,2
a0037d840d8,2
9fd11982907,3
9633b68e37e,2
4d5f701cdde,0
76f30120e22,3
28c2465b614,1
dd33a84c757,3
163f12bd312,3
88ca1d35cc7,3
6ac3a95e592,1
ef0de1a875f,2
3db94cf0ac1,1
19fbcce11ce,3
7060680aff3,4
360f20f8abe,4
1fde7e7cb78,4
3a321ea7ebe,3
84bab2f9a3e,2
9b8de9b7e94,2
9b1ad8f5342,3
c7a93e7c9e1,3
1796e50351e,3
61751f78a62,2
839e96db73c,4
96a21645407,4
cbff162d0bf,1
0d945610579,2
5d625ed87ac,1
376af82902b,0
a135e2011cb,1
11f073fbf9c,4
1ab4b8ae832,4
7c7d85e71f1,2
53fe064bbbb,1
31f3af1a7d9,3
87205cf8d6e,2
a74c8a3fdac,1
14ed1254cf3,3
cb4afc35d21,0
9a44f32c548,4
afd635f7f6f,2
11d565a676f,1
35724673dfe,2
fbf7f7c8523,3
bd4583ce841,2
81172c6ad69,3
bf9fd1b566e,4
e0bd5de4641,1
c7c97efd2fd,4
f6d81d5c40a,2
96d2c926dd3,3
e9835555f6f,4
6e8b85e3ec1,1
18ac3932b79,3
2a962653209,3
3d150ebbe94,1
2ca9a5254d4,2
8d6e1df8c82,2
eb98a3e05d1,0
71bed81c731,3
4ba8bd9225d,1
83fac5779f3,2
293ae7d9b00,4
5e57bffc4fe,3
f2f01134e82,4
c3825b75992,3
601198f8877,4
abb8e72a508,4
9f20e3a6aa4,1
9d263384e46,2
a02751901f1,2
09b4c4101cf,2
daa8a76141d,1
d0bd016c475,2
173998c73ea,3
93aa75e8834,4
1f58cbf1db5,0
73f050cc69d,4
304d4194d55,1
7a0e3c469e3,2
48b4e61caf0,4
4a6321b150d,0
7b66e7513f9,1
54cf520d296,2
6465db5f12d,4
698b695443b,3
13205c9f7ea,4
7b4b35977ee,2
cb5e1a4f83c,2
7c6e4ebe365,3
85581a4c21b,1
0028e21c39b,1
5c63c4f9742,1
1042ceff095,2
aa29ff583cc,1
adf7be4e258,2
6e93a21e172,4
31da1c16559,2
01897a2e12e,3
de477dde2e5,4
808144390c7,4
67e6c36af15,3
989d4e08ab4,1
1fe7c92c1d2,1
8cc35c70f5b,2
a46de212d19,4
f231e384fcb,0
1495784b607,4
eb650e51f7f,3
de6e9d5218a,1
9fd1faadf6a,1
851f64456bb,4
5c829a289b0,0
6b5a8551a91,2
a0e1651ad5c,2
4baae8112a1,4
e6abcdb4e5d,4
89e447a0b85,4
c92373bae3e,3
9b5c4653bce,3
e8e922e5604,4
16cfcad3b9d,2
5ba683dd764,3
fd17e5dc897,4
3df9cb675fd,4
1c3c5daff73,4
f72d837eff8,3
1737fb70238,0
72eab9a6fd9,0
68cc6eba8af,0
f18cae18697,4
07c2022834b,2
bfbe0fb443a,3
fcd4fb389e4,2
8710a0b3cf0,4
318c261279c,3
baf106c4dab,2
c024289b332,2
7eee5d666c9,2
7d12fb9f6c9,1
583ef1ba1f7,4
a2f458bcbc2,2
53b2e905f99,1
65891dac46f,3
6b91c9cc2a9,4
5e7897fbe91,3
6e1499e5930,2
940e2f6f884,2
4b46e964b55,2
ab72008b288,2
27c591bf85f,2
66fd66bb3ae,2
f2b942165a4,4
a109c972869,2
99e982d57ca,2
638e8da9e1d,4
74890461be3,1
2bff1704d77,0
dbc5493341f,2
91635ca80e1,4
25e0450e6f1,2
ec38cced8db,1
3022d6e0318,3
4c2d37eb93e,1
37f3fd2a560,1
69bab5b69e0,4
f4cb465cc95,2
a3b4ccda9d0,2
b1f161bf013,3
d6dd3c4cf80,2
f66aa73969e,2
7050854f71c,4
0507622af80,3
c02fac7de05,4
25a62d22e3e,1
b0dd85aaddf,4
ca3cddbec33,4
c7f7feab7b5,4
6f257eb3d5b,1
749c8d3974f,0
c099a389099,3
bd2dd7a263b,2
830b66a9648,0
97fc1e5efe9,2
a5025fabf58,2
bb61850a584,4
22a44be4fcd,2
71b2fc10302,3
fa875c90b33,3
be8387ba244,0
20fdda86a43,2
92bf67ed761,2
2e8309a8bcc,4
7a5fff8a2e3,0
36419a8e357,1
0b65cdb092e,2
b3f17e30b44,3
0a4888eab74,0
d6a9998864d,1
aad66f464db,2
e789935018c,1
6e0573bd5af,2
d6e79443900,2
72034771fe0,3
6a3fc8bbedc,4
ae252f4afe8,4
5d49bb84cc0,2
93e186f8766,0
f8c68ea1c6e,4
e3eeb404ba0,0
44deb19dfc9,1
1aff54cec96,2
07c015a7f20,4
66fde19997e,1
3845ddd95dc,1
3433383755c,2
2210f89ef9a,3
ad4b5199ff9,1
4a579774c85,1
f48690eddee,4
1af02613bf8,1
da243690f9c,2
6c3184ed094,2
3d0707239b1,2
4bb4e917735,3
b165cc6babb,1
bbab26ecce4,2
e160fa2214b,3
921e40f4d68,3
5c86aaca989,3
dc81d449843,3
761eb6360ae,4
79ee9914dff,4
b6c4cadfa07,4
427afada6e1,3
a9edd9cce41,2
297802dafae,3
b09c5c781f0,1
0803ba2cec6,2
f3c970e54fe,3
afd26c8771c,4
18ec0d63689,3
08e397e1f07,2
70a0c99c2c5,4
0318504a82d,2
28e20c64c6a,2
498e1aece1a,1
7d8a23acea9,3
cc57d7f6fb8,4
1c3ae4372d5,2
2c5ff71c03b,3
624d2ab3dbb,2
893ea25bd69,4
1386afe214a,2
44b8d16badc,4
f2fd86b1dc7,2
8969025ed06,1
87fa61f849f,2
a4b1bbfe887,1
64916cdb9e4,2
249bd28db80,0
f33336d95a2,4
ae34e99f65c,1
ac09ccb7a4e,2
afe681672a1,2
c476ef11f67,2
3d7e27fac4f,0
94c7216495d,2
e6e94226aaf,4
68bd93d09ce,0
cb1813273e0,2
bc0aad7ecf4,2
12effb276fe,4
94e22afbc50,4
93289ba1d46,1
30e16190e9c,4
966d23413ea,4
47eb0a25044,3
86dda66d1ba,2
8dbc99c9e45,3
f85edc98762,3
1958e5ebc3e,3
a03fbd8a57b,1
b5b4d23c103,4
fb80eabbc34,0
5c9cca669d6,1
becfbe27484,4
a00df618a7a,4
59274274162,1
e040489468b,4
1929506708a,2
886b4289279,2
a20485f239b,4
eb474ad448f,0
97a5aa46bbd,4
b425af43fb4,2
f941a7c351c,3
008baf297b8,2
40ae216c5e2,4
1db38dc69b6,0
edba15398ba,3
4871703e631,2
cdcaba9b1eb,2
1d36f0a472d,4
f36c7141bd5,2
b2038c59833,0
a2a0699a12b,4
12bb89c670b,2
1d3378fef6f,3
e7d7ef84c49,4
d5209c0d28f,2
f0f5a62d98c,4
2c60a301afb,2
5bfba007e8b,1
299e97e5089,2
56b3ea90c42,3
30a71f19dcd,2
8921fc9f235,2
1b9330ae7b5,4
0ecf59464d1,1
991cd35f10e,4
4020ac98e03,4
3796a7570f5,2
a85a775444f,3
4307d2e0089,2
035d691cecc,3
cc52460cd6c,2
efacf1424ad,4
835732ee721,3
11ea1af9390,1
9a7c878a0dc,2
c551f19a4d6,2
f9067839bfe,3
a1625d487c6,3
edb2a42499c,4
45849c52918,1
059fd7648ee,3
bb30e58395b,2
87bf2085497,2
a83bf07713e,1
4dfdd849712,2
d499d0b075f,2
b5ccd435437,2
fbc20206a26,4
c6cfab48832,4
338d0ac3aad,4
8ac2bc1fcf3,2
e6c5d9f04de,2
86e670a97f3,2
6143054f10a,3
268dbebe3ca,2
2a4fc7c32d5,3
9b75e02ae69,2
0b9c375ba5e,1
adcf59d4183,1
ab62e0eada8,3
09ae2556f9b,2
adb7db0f9f6,2
1b9a2997f61,4
67ecd53937c,1
0730af78b8a,2
f90a000acea,2
d66737ffc4a,2
be832afd13d,1
38e76c38fa2,4
9381485a097,2
588e7b5c96b,1
2383ae6e39f,4
38e5c23a96b,4
736742793ca,4
75dad6fd614,3
61c15c058a5,2
9f7042427c5,4
a2448f29e75,1
3b48dd4151e,3
214b29764cc,2
408421263c2,4
1bcf92cd95a,1
f34ba58de87,1
16a6dabc385,2
57e82961151,2
cb37ae8f0fd,0
6da7a57b43b,2
634dd375b56,2
fd4ef28db51,4
